{
  "server.js": 1776263049.9602547,
  "keepalive.js": 1776263049.9592547
}